﻿{"cameraMode":{"drawMode":0,"name":"Shaded","section":"Shading Mode"},"sceneLighting":true,"audioPlay":false,"sceneViewState":{"showFog":true,"showMaterialUpdate":false,"showSkybox":true,"showFlares":true,"showImageEffects":true,"showParticleSystems":true},"in2DMode":false,"pivot":{"x":383.6053161621094,"y":324.4698486328125,"z":-246.017578125},"rotation":{"x":-0.10958826541900635,"y":-0.003879477037116885,"z":0.0004275684477761388,"w":-0.993970513343811},"size":377.2273864746094,"orthographic":false}